{"cameraMode":{"drawMode":0,"name":"Shaded","section":"Shading Mode"},"sceneLighting":true,"audioPlay":false,"sceneViewState":{"showFog":true,"showMaterialUpdate":false,"showSkybox":true,"showFlares":true,"showImageEffects":true,"showParticleSystems":true},"in2DMode":false,"pivot":{"x":8.936882972717286,"y":5.570533275604248,"z":23.585777282714845},"rotation":{"x":-0.0074866036884486679,"y":0.7539268136024475,"z":-0.008594469167292118,"w":-0.6568606495857239},"size":9.061595916748047,"orthographic":false}