{"cameraMode":{"drawMode":0,"name":"Shaded","section":"Shading Mode"},"sceneLighting":true,"audioPlay":false,"sceneViewState":{"showFog":true,"showMaterialUpdate":false,"showSkybox":true,"showFlares":true,"showImageEffects":true,"showParticleSystems":true},"in2DMode":false,"pivot":{"x":26.047847747802736,"y":-4.236401557922363,"z":12.543464660644532},"rotation":{"x":0.0265339482575655,"y":0.964123547077179,"z":-0.24207819998264314,"w":0.10569927841424942},"size":47.080963134765628,"orthographic":false}